output_label,category,value
0,total_prior_admits,0.47571858462177025
1,total_prior_admits,1.6344008636200071
0,age,62.94457039684757
1,age,64.50951417926393
0,length_of_stay,9.706139135334851
1,length_of_stay,12.522218223981433
0,num_medications,83.41376984538756
1,num_medications,104.99892047499101
0,num_lab_tests,390.10563453356855
1,num_lab_tests,558.8251169485426
0,num_diagnosis,11.82268859603611
1,num_diagnosis,14.651673263763945
