Feature,Importance
total_prior_admits,0.30253262468898656
num_diagnosis,0.19260259781009045
age,0.1328641644168322
perc_tests_abnormal,0.1082924652234306
num_lab_tests,0.09099031515615631
num_medications,0.07136133678735859
length_of_stay,0.06842003377809353
gender,0.021195238328384696
admission_type,0.01174122381066704
